{"cameraMode":{"drawMode":0,"name":"Shaded","section":"Shading Mode"},"sceneLighting":false,"audioPlay":false,"sceneViewState":{"m_AlwaysRefresh":false,"showFog":true,"showSkybox":false,"showFlares":true,"showImageEffects":true,"showParticleSystems":true,"showVisualEffectGraphs":true,"m_FxEnabled":true},"in2DMode":false,"pivot":{"x":0.710176944732666,"y":1.487505555152893,"z":-1.1716159582138062},"rotation":{"x":-0.04672201722860336,"y":-0.05481548607349396,"z":0.0025674758944660427,"w":-0.9974116683006287},"size":4.1575422286987309,"orthographic":false}